name	value
Win32_Process[1]/Caption	System Idle Process
Win32_Process[1]/CommandLine	
Win32_Process[1]/CreationClassName	Win32_Process
Win32_Process[1]/CreationDate	20161215042324.115107-480
Win32_Process[1]/CSCreationClassName	Win32_ComputerSystem
Win32_Process[1]/CSName	MICROSO-LI27NJS
Win32_Process[1]/Description	System Idle Process
Win32_Process[1]/ExecutablePath	
Win32_Process[1]/ExecutionState	
Win32_Process[1]/Handle	0
Win32_Process[1]/HandleCount	0
Win32_Process[1]/InstallDate	
Win32_Process[1]/KernelModeTime	87109531250
Win32_Process[1]/MaximumWorkingSetSize	
Win32_Process[1]/MinimumWorkingSetSize	
Win32_Process[1]/Name	System Idle Process
Win32_Process[1]/OSCreationClassName	Win32_OperatingSystem
Win32_Process[1]/OSName	Microsoft Windows Server 2012 R2 Datacenter|C:\Windows|\Device\Harddisk0\Partition1
Win32_Process[1]/OtherOperationCount	0
Win32_Process[1]/OtherTransferCount	0
Win32_Process[1]/PageFaults	1
Win32_Process[1]/PageFileUsage	0
Win32_Process[1]/ParentProcessId	0
Win32_Process[1]/PeakPageFileUsage	0
Win32_Process[1]/PeakVirtualSize	65536
Win32_Process[1]/PeakWorkingSetSize	4
Win32_Process[1]/Priority	0
Win32_Process[1]/PrivatePageCount	0
Win32_Process[1]/ProcessId	0
Win32_Process[1]/QuotaNonPagedPoolUsage	0
Win32_Process[1]/QuotaPagedPoolUsage	0
Win32_Process[1]/QuotaPeakNonPagedPoolUsage	0
Win32_Process[1]/QuotaPeakPagedPoolUsage	0
Win32_Process[1]/ReadOperationCount	0
Win32_Process[1]/ReadTransferCount	0
Win32_Process[1]/SessionId	0
Win32_Process[1]/Status	
Win32_Process[1]/TerminationDate	
Win32_Process[1]/ThreadCount	18
Win32_Process[1]/UserModeTime	0
Win32_Process[1]/VirtualSize	65536
Win32_Process[1]/WindowsVersion	6.3.9600
Win32_Process[1]/WorkingSetSize	4096
Win32_Process[1]/WriteOperationCount	0
Win32_Process[1]/WriteTransferCount	0
Win32_Process[2]/Caption	System
Win32_Process[2]/CommandLine	
Win32_Process[2]/CreationClassName	Win32_Process
Win32_Process[2]/CreationDate	20161215042324.115107-480
Win32_Process[2]/CSCreationClassName	Win32_ComputerSystem
Win32_Process[2]/CSName	MICROSO-LI27NJS
Win32_Process[2]/Description	System
Win32_Process[2]/ExecutablePath	
Win32_Process[2]/ExecutionState	
Win32_Process[2]/Handle	4
Win32_Process[2]/HandleCount	699
Win32_Process[2]/InstallDate	
Win32_Process[2]/KernelModeTime	20312500
Win32_Process[2]/MaximumWorkingSetSize	
Win32_Process[2]/MinimumWorkingSetSize	
Win32_Process[2]/Name	System
Win32_Process[2]/OSCreationClassName	Win32_OperatingSystem
Win32_Process[2]/OSName	Microsoft Windows Server 2012 R2 Datacenter|C:\Windows|\Device\Harddisk0\Partition1
Win32_Process[2]/OtherOperationCount	2978
Win32_Process[2]/OtherTransferCount	104092
Win32_Process[2]/PageFaults	3814
Win32_Process[2]/PageFileUsage	112
Win32_Process[2]/ParentProcessId	0
Win32_Process[2]/PeakPageFileUsage	276
Win32_Process[2]/PeakVirtualSize	7434240
Win32_Process[2]/PeakWorkingSetSize	1672
Win32_Process[2]/Priority	8
Win32_Process[2]/PrivatePageCount	114688
Win32_Process[2]/ProcessId	4
Win32_Process[2]/QuotaNonPagedPoolUsage	0
Win32_Process[2]/QuotaPagedPoolUsage	0
Win32_Process[2]/QuotaPeakNonPagedPoolUsage	0
Win32_Process[2]/QuotaPeakPagedPoolUsage	0
Win32_Process[2]/ReadOperationCount	278
Win32_Process[2]/ReadTransferCount	78075180
Win32_Process[2]/SessionId	0
Win32_Process[2]/Status	
Win32_Process[2]/TerminationDate	
Win32_Process[2]/ThreadCount	255
Win32_Process[2]/UserModeTime	0
Win32_Process[2]/VirtualSize	3473408
Win32_Process[2]/WindowsVersion	6.3.9600
Win32_Process[2]/WorkingSetSize	286720
Win32_Process[2]/WriteOperationCount	207
Win32_Process[2]/WriteTransferCount	5571264
Win32_Process[3]/Caption	smss.exe
Win32_Process[3]/CommandLine	
Win32_Process[3]/CreationClassName	Win32_Process
Win32_Process[3]/CreationDate	20161215042324.115107-480
Win32_Process[3]/CSCreationClassName	Win32_ComputerSystem
Win32_Process[3]/CSName	MICROSO-LI27NJS
Win32_Process[3]/Description	smss.exe
Win32_Process[3]/ExecutablePath	
Win32_Process[3]/ExecutionState	
Win32_Process[3]/Handle	660
Win32_Process[3]/HandleCount	52
Win32_Process[3]/InstallDate	
Win32_Process[3]/KernelModeTime	468750
Win32_Process[3]/MaximumWorkingSetSize	
Win32_Process[3]/MinimumWorkingSetSize	
Win32_Process[3]/Name	smss.exe
Win32_Process[3]/OSCreationClassName	Win32_OperatingSystem
Win32_Process[3]/OSName	Microsoft Windows Server 2012 R2 Datacenter|C:\Windows|\Device\Harddisk0\Partition1
Win32_Process[3]/OtherOperationCount	262
Win32_Process[3]/OtherTransferCount	4004
Win32_Process[3]/PageFaults	554
Win32_Process[3]/PageFileUsage	280
Win32_Process[3]/ParentProcessId	4
Win32_Process[3]/PeakPageFileUsage	364
Win32_Process[3]/PeakVirtualSize	26894336
Win32_Process[3]/PeakWorkingSetSize	1060
Win32_Process[3]/Priority	11
Win32_Process[3]/PrivatePageCount	286720
Win32_Process[3]/ProcessId	660
Win32_Process[3]/QuotaNonPagedPoolUsage	3
Win32_Process[3]/QuotaPagedPoolUsage	13
Win32_Process[3]/QuotaPeakNonPagedPoolUsage	7
Win32_Process[3]/QuotaPeakPagedPoolUsage	55
Win32_Process[3]/ReadOperationCount	3
Win32_Process[3]/ReadTransferCount	25092
Win32_Process[3]/SessionId	0
Win32_Process[3]/Status	
Win32_Process[3]/TerminationDate	
Win32_Process[3]/ThreadCount	2
Win32_Process[3]/UserModeTime	0
Win32_Process[3]/VirtualSize	4702208
Win32_Process[3]/WindowsVersion	6.3.9600
Win32_Process[3]/WorkingSetSize	1028096
Win32_Process[3]/WriteOperationCount	3
Win32_Process[3]/WriteTransferCount	745504
Win32_Process[4]/Caption	csrss.exe
Win32_Process[4]/CommandLine	
Win32_Process[4]/CreationClassName	Win32_Process
Win32_Process[4]/CreationDate	20161215042324.754624-480
Win32_Process[4]/CSCreationClassName	Win32_ComputerSystem
Win32_Process[4]/CSName	MICROSO-LI27NJS
Win32_Process[4]/Description	csrss.exe
Win32_Process[4]/ExecutablePath	
Win32_Process[4]/ExecutionState	
Win32_Process[4]/Handle	836
Win32_Process[4]/HandleCount	196
Win32_Process[4]/InstallDate	
Win32_Process[4]/KernelModeTime	3125000
Win32_Process[4]/MaximumWorkingSetSize	
Win32_Process[4]/MinimumWorkingSetSize	
Win32_Process[4]/Name	csrss.exe
Win32_Process[4]/OSCreationClassName	Win32_OperatingSystem
Win32_Process[4]/OSName	Microsoft Windows Server 2012 R2 Datacenter|C:\Windows|\Device\Harddisk0\Partition1
Win32_Process[4]/OtherOperationCount	8258
Win32_Process[4]/OtherTransferCount	448660
Win32_Process[4]/PageFaults	2040
Win32_Process[4]/PageFileUsage	1728
Win32_Process[4]/ParentProcessId	824
Win32_Process[4]/PeakPageFileUsage	1844
Win32_Process[4]/PeakVirtualSize	47112192
Win32_Process[4]/PeakWorkingSetSize	3792
Win32_Process[4]/Priority	13
Win32_Process[4]/PrivatePageCount	1769472
Win32_Process[4]/ProcessId	836
Win32_Process[4]/QuotaNonPagedPoolUsage	12
Win32_Process[4]/QuotaPagedPoolUsage	122
Win32_Process[4]/QuotaPeakNonPagedPoolUsage	14
Win32_Process[4]/QuotaPeakPagedPoolUsage	131
Win32_Process[4]/ReadOperationCount	100
Win32_Process[4]/ReadTransferCount	90788
Win32_Process[4]/SessionId	0
Win32_Process[4]/Status	
Win32_Process[4]/TerminationDate	
Win32_Process[4]/ThreadCount	10
Win32_Process[4]/UserModeTime	156250
Win32_Process[4]/VirtualSize	46653440
Win32_Process[4]/WindowsVersion	6.3.9600
Win32_Process[4]/WorkingSetSize	3129344
Win32_Process[4]/WriteOperationCount	0
Win32_Process[4]/WriteTransferCount	0
Win32_Process[5]/Caption	wininit.exe
Win32_Process[5]/CommandLine	
Win32_Process[5]/CreationClassName	Win32_Process
Win32_Process[5]/CreationDate	20161215042325.110782-480
Win32_Process[5]/CSCreationClassName	Win32_ComputerSystem
Win32_Process[5]/CSName	MICROSO-LI27NJS
Win32_Process[5]/Description	wininit.exe
Win32_Process[5]/ExecutablePath	
Win32_Process[5]/ExecutionState	
Win32_Process[5]/Handle	888
Win32_Process[5]/HandleCount	85
Win32_Process[5]/InstallDate	
Win32_Process[5]/KernelModeTime	468750
Win32_Process[5]/MaximumWorkingSetSize	
Win32_Process[5]/MinimumWorkingSetSize	
Win32_Process[5]/Name	wininit.exe
Win32_Process[5]/OSCreationClassName	Win32_OperatingSystem
Win32_Process[5]/OSName	Microsoft Windows Server 2012 R2 Datacenter|C:\Windows|\Device\Harddisk0\Partition1
Win32_Process[5]/OtherOperationCount	1043
Win32_Process[5]/OtherTransferCount	3284
Win32_Process[5]/PageFaults	1084
Win32_Process[5]/PageFileUsage	884
Win32_Process[5]/ParentProcessId	824
Win32_Process[5]/PeakPageFileUsage	1112
Win32_Process[5]/PeakVirtualSize	2199069474816
Win32_Process[5]/PeakWorkingSetSize	3856
Win32_Process[5]/Priority	13
Win32_Process[5]/PrivatePageCount	905216
Win32_Process[5]/ProcessId	888
Win32_Process[5]/QuotaNonPagedPoolUsage	8
Win32_Process[5]/QuotaPagedPoolUsage	89
Win32_Process[5]/QuotaPeakNonPagedPoolUsage	11
Win32_Process[5]/QuotaPeakPagedPoolUsage	90
Win32_Process[5]/ReadOperationCount	1
Win32_Process[5]/ReadTransferCount	6656
Win32_Process[5]/SessionId	0
Win32_Process[5]/Status	
Win32_Process[5]/TerminationDate	
Win32_Process[5]/ThreadCount	1
Win32_Process[5]/UserModeTime	156250
Win32_Process[5]/VirtualSize	2199065821184
Win32_Process[5]/WindowsVersion	6.3.9600
Win32_Process[5]/WorkingSetSize	3055616
Win32_Process[5]/WriteOperationCount	0
Win32_Process[5]/WriteTransferCount	0
Win32_Process[6]/Caption	csrss.exe
Win32_Process[6]/CommandLine	
Win32_Process[6]/CreationClassName	Win32_Process
Win32_Process[6]/CreationDate	20161215042325.110782-480
Win32_Process[6]/CSCreationClassName	Win32_ComputerSystem
Win32_Process[6]/CSName	MICROSO-LI27NJS
Win32_Process[6]/Description	csrss.exe
Win32_Process[6]/ExecutablePath	
Win32_Process[6]/ExecutionState	
Win32_Process[6]/Handle	896
Win32_Process[6]/HandleCount	97
Win32_Process[6]/InstallDate	
Win32_Process[6]/KernelModeTime	625000
Win32_Process[6]/MaximumWorkingSetSize	
Win32_Process[6]/MinimumWorkingSetSize	
Win32_Process[6]/Name	csrss.exe
Win32_Process[6]/OSCreationClassName	Win32_OperatingSystem
Win32_Process[6]/OSName	Microsoft Windows Server 2012 R2 Datacenter|C:\Windows|\Device\Harddisk0\Partition1
Win32_Process[6]/OtherOperationCount	632
Win32_Process[6]/OtherTransferCount	7858
Win32_Process[6]/PageFaults	1084
Win32_Process[6]/PageFileUsage	1320
Win32_Process[6]/ParentProcessId	880
Win32_Process[6]/PeakPageFileUsage	1372
Win32_Process[6]/PeakVirtualSize	44687360
Win32_Process[6]/PeakWorkingSetSize	3504
Win32_Process[6]/Priority	13
Win32_Process[6]/PrivatePageCount	1351680
Win32_Process[6]/ProcessId	896
Win32_Process[6]/QuotaNonPagedPoolUsage	9
Win32_Process[6]/QuotaPagedPoolUsage	95
Win32_Process[6]/QuotaPeakNonPagedPoolUsage	10
Win32_Process[6]/QuotaPeakPagedPoolUsage	100
Win32_Process[6]/ReadOperationCount	75
Win32_Process[6]/ReadTransferCount	67692
Win32_Process[6]/SessionId	1
Win32_Process[6]/Status	
Win32_Process[6]/TerminationDate	
Win32_Process[6]/ThreadCount	9
Win32_Process[6]/UserModeTime	156250
Win32_Process[6]/VirtualSize	41529344
Win32_Process[6]/WindowsVersion	6.3.9600
Win32_Process[6]/WorkingSetSize	2842624
Win32_Process[6]/WriteOperationCount	0
Win32_Process[6]/WriteTransferCount	0
Win32_Process[7]/Caption	winlogon.exe
Win32_Process[7]/CommandLine	
Win32_Process[7]/CreationClassName	Win32_Process
Win32_Process[7]/CreationDate	20161215042325.152424-480
Win32_Process[7]/CSCreationClassName	Win32_ComputerSystem
Win32_Process[7]/CSName	MICROSO-LI27NJS
Win32_Process[7]/Description	winlogon.exe
Win32_Process[7]/ExecutablePath	
Win32_Process[7]/ExecutionState	
Win32_Process[7]/Handle	924
Win32_Process[7]/HandleCount	125
Win32_Process[7]/InstallDate	
Win32_Process[7]/KernelModeTime	625000
Win32_Process[7]/MaximumWorkingSetSize	
Win32_Process[7]/MinimumWorkingSetSize	
Win32_Process[7]/Name	winlogon.exe
Win32_Process[7]/OSCreationClassName	Win32_OperatingSystem
Win32_Process[7]/OSName	Microsoft Windows Server 2012 R2 Datacenter|C:\Windows|\Device\Harddisk0\Partition1
Win32_Process[7]/OtherOperationCount	1076
Win32_Process[7]/OtherTransferCount	140946
Win32_Process[7]/PageFaults	1952
Win32_Process[7]/PageFileUsage	1244
Win32_Process[7]/ParentProcessId	880
Win32_Process[7]/PeakPageFileUsage	2764
Win32_Process[7]/PeakVirtualSize	2199078531072
Win32_Process[7]/PeakWorkingSetSize	6052
Win32_Process[7]/Priority	13
Win32_Process[7]/PrivatePageCount	1273856
Win32_Process[7]/ProcessId	924
Win32_Process[7]/QuotaNonPagedPoolUsage	8
Win32_Process[7]/QuotaPagedPoolUsage	106
Win32_Process[7]/QuotaPeakNonPagedPoolUsage	13
Win32_Process[7]/QuotaPeakPagedPoolUsage	110
Win32_Process[7]/ReadOperationCount	2
Win32_Process[7]/ReadTransferCount	144300
Win32_Process[7]/SessionId	1
Win32_Process[7]/Status	
Win32_Process[7]/TerminationDate	
Win32_Process[7]/ThreadCount	2
Win32_Process[7]/UserModeTime	0
Win32_Process[7]/VirtualSize	2199076356096
Win32_Process[7]/WindowsVersion	6.3.9600
Win32_Process[7]/WorkingSetSize	4636672
Win32_Process[7]/WriteOperationCount	0
Win32_Process[7]/WriteTransferCount	0
Win32_Process[8]/Caption	services.exe
Win32_Process[8]/CommandLine	
Win32_Process[8]/CreationClassName	Win32_Process
Win32_Process[8]/CreationDate	20161215042325.322133-480
Win32_Process[8]/CSCreationClassName	Win32_ComputerSystem
Win32_Process[8]/CSName	MICROSO-LI27NJS
Win32_Process[8]/Description	services.exe
Win32_Process[8]/ExecutablePath	
Win32_Process[8]/ExecutionState	
Win32_Process[8]/Handle	980
Win32_Process[8]/HandleCount	198
Win32_Process[8]/InstallDate	
Win32_Process[8]/KernelModeTime	2343750
Win32_Process[8]/MaximumWorkingSetSize	
Win32_Process[8]/MinimumWorkingSetSize	
Win32_Process[8]/Name	services.exe
Win32_Process[8]/OSCreationClassName	Win32_OperatingSystem
Win32_Process[8]/OSName	Microsoft Windows Server 2012 R2 Datacenter|C:\Windows|\Device\Harddisk0\Partition1
Win32_Process[8]/OtherOperationCount	2087
Win32_Process[8]/OtherTransferCount	49442
Win32_Process[8]/PageFaults	2774
Win32_Process[8]/PageFileUsage	2532
Win32_Process[8]/ParentProcessId	888
Win32_Process[8]/PeakPageFileUsage	4128
Win32_Process[8]/PeakVirtualSize	2199059992576
Win32_Process[8]/PeakWorkingSetSize	6508
Win32_Process[8]/Priority	9
Win32_Process[8]/PrivatePageCount	2592768
Win32_Process[8]/ProcessId	980
Win32_Process[8]/QuotaNonPagedPoolUsage	10
Win32_Process[8]/QuotaPagedPoolUsage	89
Win32_Process[8]/QuotaPeakNonPagedPoolUsage	20
Win32_Process[8]/QuotaPeakPagedPoolUsage	90
Win32_Process[8]/ReadOperationCount	6
Win32_Process[8]/ReadTransferCount	247924
Win32_Process[8]/SessionId	0
Win32_Process[8]/Status	
Win32_Process[8]/TerminationDate	
Win32_Process[8]/ThreadCount	2
Win32_Process[8]/UserModeTime	468750
Win32_Process[8]/VirtualSize	2199043989504
Win32_Process[8]/WindowsVersion	6.3.9600
Win32_Process[8]/WorkingSetSize	5255168
Win32_Process[8]/WriteOperationCount	2
Win32_Process[8]/WriteTransferCount	32928
Win32_Process[9]/Caption	lsass.exe
Win32_Process[9]/CommandLine	
Win32_Process[9]/CreationClassName	Win32_Process
Win32_Process[9]/CreationDate	20161215042325.354575-480
Win32_Process[9]/CSCreationClassName	Win32_ComputerSystem
Win32_Process[9]/CSName	MICROSO-LI27NJS
Win32_Process[9]/Description	lsass.exe
Win32_Process[9]/ExecutablePath	
Win32_Process[9]/ExecutionState	
Win32_Process[9]/Handle	988
Win32_Process[9]/HandleCount	663
Win32_Process[9]/InstallDate	
Win32_Process[9]/KernelModeTime	1562500
Win32_Process[9]/MaximumWorkingSetSize	
Win32_Process[9]/MinimumWorkingSetSize	
Win32_Process[9]/Name	lsass.exe
Win32_Process[9]/OSCreationClassName	Win32_OperatingSystem
Win32_Process[9]/OSName	Microsoft Windows Server 2012 R2 Datacenter|C:\Windows|\Device\Harddisk0\Partition1
Win32_Process[9]/OtherOperationCount	811
Win32_Process[9]/OtherTransferCount	429690
Win32_Process[9]/PageFaults	3237
Win32_Process[9]/PageFileUsage	4380
Win32_Process[9]/ParentProcessId	888
Win32_Process[9]/PeakPageFileUsage	4380
Win32_Process[9]/PeakVirtualSize	2199071825920
Win32_Process[9]/PeakWorkingSetSize	10264
Win32_Process[9]/Priority	9
Win32_Process[9]/PrivatePageCount	4485120
Win32_Process[9]/ProcessId	988
Win32_Process[9]/QuotaNonPagedPoolUsage	22
Win32_Process[9]/QuotaPagedPoolUsage	85
Win32_Process[9]/QuotaPeakNonPagedPoolUsage	22
Win32_Process[9]/QuotaPeakPagedPoolUsage	86
Win32_Process[9]/ReadOperationCount	83
Win32_Process[9]/ReadTransferCount	4956
Win32_Process[9]/SessionId	0
Win32_Process[9]/Status	
Win32_Process[9]/TerminationDate	
Win32_Process[9]/ThreadCount	6
Win32_Process[9]/UserModeTime	2343750
Win32_Process[9]/VirtualSize	2199071825920
Win32_Process[9]/WindowsVersion	6.3.9600
Win32_Process[9]/WorkingSetSize	9175040
Win32_Process[9]/WriteOperationCount	70
Win32_Process[9]/WriteTransferCount	142002
Win32_Process[10]/Caption	svchost.exe
Win32_Process[10]/CommandLine	
Win32_Process[10]/CreationClassName	Win32_Process
Win32_Process[10]/CreationDate	20161215042325.677258-480
Win32_Process[10]/CSCreationClassName	Win32_ComputerSystem
Win32_Process[10]/CSName	MICROSO-LI27NJS
Win32_Process[10]/Description	svchost.exe
Win32_Process[10]/ExecutablePath	
Win32_Process[10]/ExecutionState	
Win32_Process[10]/Handle	644
Win32_Process[10]/HandleCount	333
Win32_Process[10]/InstallDate	
Win32_Process[10]/KernelModeTime	625000
Win32_Process[10]/MaximumWorkingSetSize	
Win32_Process[10]/MinimumWorkingSetSize	
Win32_Process[10]/Name	svchost.exe
Win32_Process[10]/OSCreationClassName	Win32_OperatingSystem
Win32_Process[10]/OSName	Microsoft Windows Server 2012 R2 Datacenter|C:\Windows|\Device\Harddisk0\Partition1
Win32_Process[10]/OtherOperationCount	279
Win32_Process[10]/OtherTransferCount	5406
Win32_Process[10]/PageFaults	2893
Win32_Process[10]/PageFileUsage	3868
Win32_Process[10]/ParentProcessId	980
Win32_Process[10]/PeakPageFileUsage	6240
Win32_Process[10]/PeakVirtualSize	2199077883904
Win32_Process[10]/PeakWorkingSetSize	10020
Win32_Process[10]/Priority	8
Win32_Process[10]/PrivatePageCount	3960832
Win32_Process[10]/ProcessId	644
Win32_Process[10]/QuotaNonPagedPoolUsage	14
Win32_Process[10]/QuotaPagedPoolUsage	151
Win32_Process[10]/QuotaPeakNonPagedPoolUsage	22
Win32_Process[10]/QuotaPeakPagedPoolUsage	152
Win32_Process[10]/ReadOperationCount	2
Win32_Process[10]/ReadTransferCount	4608
Win32_Process[10]/SessionId	0
Win32_Process[10]/Status	
Win32_Process[10]/TerminationDate	
Win32_Process[10]/ThreadCount	7
Win32_Process[10]/UserModeTime	781250
Win32_Process[10]/VirtualSize	2199062458368
Win32_Process[10]/WindowsVersion	6.3.9600
Win32_Process[10]/WorkingSetSize	7626752
Win32_Process[10]/WriteOperationCount	0
Win32_Process[10]/WriteTransferCount	0
Win32_Process[11]/Caption	svchost.exe
Win32_Process[11]/CommandLine	
Win32_Process[11]/CreationClassName	Win32_Process
Win32_Process[11]/CreationDate	20161215042325.794609-480
Win32_Process[11]/CSCreationClassName	Win32_ComputerSystem
Win32_Process[11]/CSName	MICROSO-LI27NJS
Win32_Process[11]/Description	svchost.exe
Win32_Process[11]/ExecutablePath	
Win32_Process[11]/ExecutionState	
Win32_Process[11]/Handle	788
Win32_Process[11]/HandleCount	313
Win32_Process[11]/InstallDate	
Win32_Process[11]/KernelModeTime	2187500
Win32_Process[11]/MaximumWorkingSetSize	
Win32_Process[11]/MinimumWorkingSetSize	
Win32_Process[11]/Name	svchost.exe
Win32_Process[11]/OSCreationClassName	Win32_OperatingSystem
Win32_Process[11]/OSName	Microsoft Windows Server 2012 R2 Datacenter|C:\Windows|\Device\Harddisk0\Partition1
Win32_Process[11]/OtherOperationCount	203
Win32_Process[11]/OtherTransferCount	11610
Win32_Process[11]/PageFaults	2088
Win32_Process[11]/PageFileUsage	3168
Win32_Process[11]/ParentProcessId	980
Win32_Process[11]/PeakPageFileUsage	3864
Win32_Process[11]/PeakVirtualSize	2199052259328
Win32_Process[11]/PeakWorkingSetSize	7196
Win32_Process[11]/Priority	8
Win32_Process[11]/PrivatePageCount	3244032
Win32_Process[11]/ProcessId	788
Win32_Process[11]/QuotaNonPagedPoolUsage	15
Win32_Process[11]/QuotaPagedPoolUsage	63
Win32_Process[11]/QuotaPeakNonPagedPoolUsage	15
Win32_Process[11]/QuotaPeakPagedPoolUsage	63
Win32_Process[11]/ReadOperationCount	0
Win32_Process[11]/ReadTransferCount	0
Win32_Process[11]/SessionId	0
Win32_Process[11]/Status	
Win32_Process[11]/TerminationDate	
Win32_Process[11]/ThreadCount	7
Win32_Process[11]/UserModeTime	2343750
Win32_Process[11]/VirtualSize	2199051726848
Win32_Process[11]/WindowsVersion	6.3.9600
Win32_Process[11]/WorkingSetSize	5902336
Win32_Process[11]/WriteOperationCount	0
Win32_Process[11]/WriteTransferCount	0
Win32_Process[12]/Caption	svchost.exe
Win32_Process[12]/CommandLine	
Win32_Process[12]/CreationClassName	Win32_Process
Win32_Process[12]/CreationDate	20161215042326.099685-480
Win32_Process[12]/CSCreationClassName	Win32_ComputerSystem
Win32_Process[12]/CSName	MICROSO-LI27NJS
Win32_Process[12]/Description	svchost.exe
Win32_Process[12]/ExecutablePath	
Win32_Process[12]/ExecutionState	
Win32_Process[12]/Handle	992
Win32_Process[12]/HandleCount	437
Win32_Process[12]/InstallDate	
Win32_Process[12]/KernelModeTime	312500
Win32_Process[12]/MaximumWorkingSetSize	
Win32_Process[12]/MinimumWorkingSetSize	
Win32_Process[12]/Name	svchost.exe
Win32_Process[12]/OSCreationClassName	Win32_OperatingSystem
Win32_Process[12]/OSName	Microsoft Windows Server 2012 R2 Datacenter|C:\Windows|\Device\Harddisk0\Partition1
Win32_Process[12]/OtherOperationCount	1038
Win32_Process[12]/OtherTransferCount	31796
Win32_Process[12]/PageFaults	4554
Win32_Process[12]/PageFileUsage	11540
Win32_Process[12]/ParentProcessId	980
Win32_Process[12]/PeakPageFileUsage	11540
Win32_Process[12]/PeakVirtualSize	2199092649984
Win32_Process[12]/PeakWorkingSetSize	14920
Win32_Process[12]/Priority	8
Win32_Process[12]/PrivatePageCount	11816960
Win32_Process[12]/ProcessId	992
Win32_Process[12]/QuotaNonPagedPoolUsage	20
Win32_Process[12]/QuotaPagedPoolUsage	103
Win32_Process[12]/QuotaPeakNonPagedPoolUsage	23
Win32_Process[12]/QuotaPeakPagedPoolUsage	115
Win32_Process[12]/ReadOperationCount	309
Win32_Process[12]/ReadTransferCount	1724504
Win32_Process[12]/SessionId	0
Win32_Process[12]/Status	
Win32_Process[12]/TerminationDate	
Win32_Process[12]/ThreadCount	16
Win32_Process[12]/UserModeTime	312500
Win32_Process[12]/VirtualSize	2199084040192
Win32_Process[12]/WindowsVersion	6.3.9600
Win32_Process[12]/WorkingSetSize	14159872
Win32_Process[12]/WriteOperationCount	315
Win32_Process[12]/WriteTransferCount	2632376
Win32_Process[13]/Caption	LogonUI.exe
Win32_Process[13]/CommandLine	
Win32_Process[13]/CreationClassName	Win32_Process
Win32_Process[13]/CreationDate	20161215042326.099685-480
Win32_Process[13]/CSCreationClassName	Win32_ComputerSystem
Win32_Process[13]/CSName	MICROSO-LI27NJS
Win32_Process[13]/Description	LogonUI.exe
Win32_Process[13]/ExecutablePath	
Win32_Process[13]/ExecutionState	
Win32_Process[13]/Handle	1032
Win32_Process[13]/HandleCount	323
Win32_Process[13]/InstallDate	
Win32_Process[13]/KernelModeTime	1093750
Win32_Process[13]/MaximumWorkingSetSize	
Win32_Process[13]/MinimumWorkingSetSize	
Win32_Process[13]/Name	LogonUI.exe
Win32_Process[13]/OSCreationClassName	Win32_OperatingSystem
Win32_Process[13]/OSName	Microsoft Windows Server 2012 R2 Datacenter|C:\Windows|\Device\Harddisk0\Partition1
Win32_Process[13]/OtherOperationCount	841
Win32_Process[13]/OtherTransferCount	16434
Win32_Process[13]/PageFaults	11730
Win32_Process[13]/PageFileUsage	12768
Win32_Process[13]/ParentProcessId	924
Win32_Process[13]/PeakPageFileUsage	13500
Win32_Process[13]/PeakVirtualSize	2199176495104
Win32_Process[13]/PeakWorkingSetSize	29788
Win32_Process[13]/Priority	13
Win32_Process[13]/PrivatePageCount	13074432
Win32_Process[13]/ProcessId	1032
Win32_Process[13]/QuotaNonPagedPoolUsage	23
Win32_Process[13]/QuotaPagedPoolUsage	308
Win32_Process[13]/QuotaPeakNonPagedPoolUsage	24
Win32_Process[13]/QuotaPeakPagedPoolUsage	315
Win32_Process[13]/ReadOperationCount	119
Win32_Process[13]/ReadTransferCount	259134
Win32_Process[13]/SessionId	1
Win32_Process[13]/Status	
Win32_Process[13]/TerminationDate	
Win32_Process[13]/ThreadCount	9
Win32_Process[13]/UserModeTime	1093750
Win32_Process[13]/VirtualSize	2199173373952
Win32_Process[13]/WindowsVersion	6.3.9600
Win32_Process[13]/WorkingSetSize	24428544
Win32_Process[13]/WriteOperationCount	4
Win32_Process[13]/WriteTransferCount	13245
Win32_Process[14]/Caption	dwm.exe
Win32_Process[14]/CommandLine	
Win32_Process[14]/CreationClassName	Win32_Process
Win32_Process[14]/CreationDate	20161215042326.115310-480
Win32_Process[14]/CSCreationClassName	Win32_ComputerSystem
Win32_Process[14]/CSName	MICROSO-LI27NJS
Win32_Process[14]/Description	dwm.exe
Win32_Process[14]/ExecutablePath	
Win32_Process[14]/ExecutionState	
Win32_Process[14]/Handle	1048
Win32_Process[14]/HandleCount	181
Win32_Process[14]/InstallDate	
Win32_Process[14]/KernelModeTime	312500
Win32_Process[14]/MaximumWorkingSetSize	
Win32_Process[14]/MinimumWorkingSetSize	
Win32_Process[14]/Name	dwm.exe
Win32_Process[14]/OSCreationClassName	Win32_OperatingSystem
Win32_Process[14]/OSName	Microsoft Windows Server 2012 R2 Datacenter|C:\Windows|\Device\Harddisk0\Partition1
Win32_Process[14]/OtherOperationCount	217
Win32_Process[14]/OtherTransferCount	3330
Win32_Process[14]/PageFaults	9167
Win32_Process[14]/PageFileUsage	15416
Win32_Process[14]/ParentProcessId	924
Win32_Process[14]/PeakPageFileUsage	16380
Win32_Process[14]/PeakVirtualSize	2199125618688
Win32_Process[14]/PeakWorkingSetSize	26036
Win32_Process[14]/Priority	13
Win32_Process[14]/PrivatePageCount	15785984
Win32_Process[14]/ProcessId	1048
Win32_Process[14]/QuotaNonPagedPoolUsage	16
Win32_Process[14]/QuotaPagedPoolUsage	164
Win32_Process[14]/QuotaPeakNonPagedPoolUsage	19
Win32_Process[14]/QuotaPeakPagedPoolUsage	167
Win32_Process[14]/ReadOperationCount	0
Win32_Process[14]/ReadTransferCount	0
Win32_Process[14]/SessionId	1
Win32_Process[14]/Status	
Win32_Process[14]/TerminationDate	
Win32_Process[14]/ThreadCount	14
Win32_Process[14]/UserModeTime	156250
Win32_Process[14]/VirtualSize	2199120273408
Win32_Process[14]/WindowsVersion	6.3.9600
Win32_Process[14]/WorkingSetSize	24268800
Win32_Process[14]/WriteOperationCount	0
Win32_Process[14]/WriteTransferCount	0
Win32_Process[15]/Caption	svchost.exe
Win32_Process[15]/CommandLine	
Win32_Process[15]/CreationClassName	Win32_Process
Win32_Process[15]/CreationDate	20161215042326.227364-480
Win32_Process[15]/CSCreationClassName	Win32_ComputerSystem
Win32_Process[15]/CSName	MICROSO-LI27NJS
Win32_Process[15]/Description	svchost.exe
Win32_Process[15]/ExecutablePath	
Win32_Process[15]/ExecutionState	
Win32_Process[15]/Handle	1068
Win32_Process[15]/HandleCount	1280
Win32_Process[15]/InstallDate	
Win32_Process[15]/KernelModeTime	19843750
Win32_Process[15]/MaximumWorkingSetSize	
Win32_Process[15]/MinimumWorkingSetSize	
Win32_Process[15]/Name	svchost.exe
Win32_Process[15]/OSCreationClassName	Win32_OperatingSystem
Win32_Process[15]/OSName	Microsoft Windows Server 2012 R2 Datacenter|C:\Windows|\Device\Harddisk0\Partition1
Win32_Process[15]/OtherOperationCount	37561
Win32_Process[15]/OtherTransferCount	1500562
Win32_Process[15]/PageFaults	31093
Win32_Process[15]/PageFileUsage	22032
Win32_Process[15]/ParentProcessId	980
Win32_Process[15]/PeakPageFileUsage	30168
Win32_Process[15]/PeakVirtualSize	2199360020480
Win32_Process[15]/PeakWorkingSetSize	36816
Win32_Process[15]/Priority	8
Win32_Process[15]/PrivatePageCount	22560768
Win32_Process[15]/ProcessId	1068
Win32_Process[15]/QuotaNonPagedPoolUsage	49
Win32_Process[15]/QuotaPagedPoolUsage	309
Win32_Process[15]/QuotaPeakNonPagedPoolUsage	70
Win32_Process[15]/QuotaPeakPagedPoolUsage	335
Win32_Process[15]/ReadOperationCount	63083
Win32_Process[15]/ReadTransferCount	566425798
Win32_Process[15]/SessionId	0
Win32_Process[15]/Status	
Win32_Process[15]/TerminationDate	
Win32_Process[15]/ThreadCount	37
Win32_Process[15]/UserModeTime	56093750
Win32_Process[15]/VirtualSize	2199178346496
Win32_Process[15]/WindowsVersion	6.3.9600
Win32_Process[15]/WorkingSetSize	32104448
Win32_Process[15]/WriteOperationCount	1407
Win32_Process[15]/WriteTransferCount	69986330
Win32_Process[16]/Caption	svchost.exe
Win32_Process[16]/CommandLine	
Win32_Process[16]/CreationClassName	Win32_Process
Win32_Process[16]/CreationDate	20161215042326.352374-480
Win32_Process[16]/CSCreationClassName	Win32_ComputerSystem
Win32_Process[16]/CSName	MICROSO-LI27NJS
Win32_Process[16]/Description	svchost.exe
Win32_Process[16]/ExecutablePath	
Win32_Process[16]/ExecutionState	
Win32_Process[16]/Handle	1120
Win32_Process[16]/HandleCount	479
Win32_Process[16]/InstallDate	
Win32_Process[16]/KernelModeTime	625000
Win32_Process[16]/MaximumWorkingSetSize	
Win32_Process[16]/MinimumWorkingSetSize	
Win32_Process[16]/Name	svchost.exe
Win32_Process[16]/OSCreationClassName	Win32_OperatingSystem
Win32_Process[16]/OSName	Microsoft Windows Server 2012 R2 Datacenter|C:\Windows|\Device\Harddisk0\Partition1
Win32_Process[16]/OtherOperationCount	3129
Win32_Process[16]/OtherTransferCount	116488
Win32_Process[16]/PageFaults	3958
Win32_Process[16]/PageFileUsage	7164
Win32_Process[16]/ParentProcessId	980
Win32_Process[16]/PeakPageFileUsage	7820
Win32_Process[16]/PeakVirtualSize	2199110316032
Win32_Process[16]/PeakWorkingSetSize	13420
Win32_Process[16]/Priority	8
Win32_Process[16]/PrivatePageCount	7335936
Win32_Process[16]/ProcessId	1120
Win32_Process[16]/QuotaNonPagedPoolUsage	25
Win32_Process[16]/QuotaPagedPoolUsage	162
Win32_Process[16]/QuotaPeakNonPagedPoolUsage	31
Win32_Process[16]/QuotaPeakPagedPoolUsage	168
Win32_Process[16]/ReadOperationCount	35
Win32_Process[16]/ReadTransferCount	830
Win32_Process[16]/SessionId	0
Win32_Process[16]/Status	
Win32_Process[16]/TerminationDate	
Win32_Process[16]/ThreadCount	16
Win32_Process[16]/UserModeTime	937500
Win32_Process[16]/VirtualSize	2199103369216
Win32_Process[16]/WindowsVersion	6.3.9600
Win32_Process[16]/WorkingSetSize	11902976
Win32_Process[16]/WriteOperationCount	630
Win32_Process[16]/WriteTransferCount	112150
Win32_Process[17]/Caption	svchost.exe
Win32_Process[17]/CommandLine	
Win32_Process[17]/CreationClassName	Win32_Process
Win32_Process[17]/CreationDate	20161215042326.510328-480
Win32_Process[17]/CSCreationClassName	Win32_ComputerSystem
Win32_Process[17]/CSName	MICROSO-LI27NJS
Win32_Process[17]/Description	svchost.exe
Win32_Process[17]/ExecutablePath	
Win32_Process[17]/ExecutionState	
Win32_Process[17]/Handle	1196
Win32_Process[17]/HandleCount	462
Win32_Process[17]/InstallDate	
Win32_Process[17]/KernelModeTime	1250000
Win32_Process[17]/MaximumWorkingSetSize	
Win32_Process[17]/MinimumWorkingSetSize	
Win32_Process[17]/Name	svchost.exe
Win32_Process[17]/OSCreationClassName	Win32_OperatingSystem
Win32_Process[17]/OSName	Microsoft Windows Server 2012 R2 Datacenter|C:\Windows|\Device\Harddisk0\Partition1
Win32_Process[17]/OtherOperationCount	4255
Win32_Process[17]/OtherTransferCount	253100
Win32_Process[17]/PageFaults	4424
Win32_Process[17]/PageFileUsage	6088
Win32_Process[17]/ParentProcessId	980
Win32_Process[17]/PeakPageFileUsage	8048
Win32_Process[17]/PeakVirtualSize	2199641714688
Win32_Process[17]/PeakWorkingSetSize	14500
Win32_Process[17]/Priority	8
Win32_Process[17]/PrivatePageCount	6234112
Win32_Process[17]/ProcessId	1196
Win32_Process[17]/QuotaNonPagedPoolUsage	26
Win32_Process[17]/QuotaPagedPoolUsage	116
Win32_Process[17]/QuotaPeakNonPagedPoolUsage	29
Win32_Process[17]/QuotaPeakPagedPoolUsage	119
Win32_Process[17]/ReadOperationCount	87
Win32_Process[17]/ReadTransferCount	4423951
Win32_Process[17]/SessionId	0
Win32_Process[17]/Status	
Win32_Process[17]/TerminationDate	
Win32_Process[17]/ThreadCount	14
Win32_Process[17]/UserModeTime	625000
Win32_Process[17]/VirtualSize	2199639584768
Win32_Process[17]/WindowsVersion	6.3.9600
Win32_Process[17]/WorkingSetSize	11542528
Win32_Process[17]/WriteOperationCount	48
Win32_Process[17]/WriteTransferCount	17479
Win32_Process[18]/Caption	svchost.exe
Win32_Process[18]/CommandLine	
Win32_Process[18]/CreationClassName	Win32_Process
Win32_Process[18]/CreationDate	20161215042326.612231-480
Win32_Process[18]/CSCreationClassName	Win32_ComputerSystem
Win32_Process[18]/CSName	MICROSO-LI27NJS
Win32_Process[18]/Description	svchost.exe
Win32_Process[18]/ExecutablePath	
Win32_Process[18]/ExecutionState	
Win32_Process[18]/Handle	1372
Win32_Process[18]/HandleCount	380
Win32_Process[18]/InstallDate	
Win32_Process[18]/KernelModeTime	1093750
Win32_Process[18]/MaximumWorkingSetSize	
Win32_Process[18]/MinimumWorkingSetSize	
Win32_Process[18]/Name	svchost.exe
Win32_Process[18]/OSCreationClassName	Win32_OperatingSystem
Win32_Process[18]/OSName	Microsoft Windows Server 2012 R2 Datacenter|C:\Windows|\Device\Harddisk0\Partition1
Win32_Process[18]/OtherOperationCount	1757
Win32_Process[18]/OtherTransferCount	49618
Win32_Process[18]/PageFaults	5470
Win32_Process[18]/PageFileUsage	8376
Win32_Process[18]/ParentProcessId	980
Win32_Process[18]/PeakPageFileUsage	9284
Win32_Process[18]/PeakVirtualSize	2199079198720
Win32_Process[18]/PeakWorkingSetSize	11244
Win32_Process[18]/Priority	8
Win32_Process[18]/PrivatePageCount	8577024
Win32_Process[18]/ProcessId	1372
Win32_Process[18]/QuotaNonPagedPoolUsage	34
Win32_Process[18]/QuotaPagedPoolUsage	90
Win32_Process[18]/QuotaPeakNonPagedPoolUsage	40
Win32_Process[18]/QuotaPeakPagedPoolUsage	92
Win32_Process[18]/ReadOperationCount	0
Win32_Process[18]/ReadTransferCount	0
Win32_Process[18]/SessionId	0
Win32_Process[18]/Status	
Win32_Process[18]/TerminationDate	
Win32_Process[18]/ThreadCount	19
Win32_Process[18]/UserModeTime	468750
Win32_Process[18]/VirtualSize	2199078113280
Win32_Process[18]/WindowsVersion	6.3.9600
Win32_Process[18]/WorkingSetSize	9449472
Win32_Process[18]/WriteOperationCount	1
Win32_Process[18]/WriteTransferCount	32768
Win32_Process[19]/Caption	svchost.exe
Win32_Process[19]/CommandLine	
Win32_Process[19]/CreationClassName	Win32_Process
Win32_Process[19]/CreationDate	20161215042326.862257-480
Win32_Process[19]/CSCreationClassName	Win32_ComputerSystem
Win32_Process[19]/CSName	MICROSO-LI27NJS
Win32_Process[19]/Description	svchost.exe
Win32_Process[19]/ExecutablePath	
Win32_Process[19]/ExecutionState	
Win32_Process[19]/Handle	1528
Win32_Process[19]/HandleCount	194
Win32_Process[19]/InstallDate	
Win32_Process[19]/KernelModeTime	781250
Win32_Process[19]/MaximumWorkingSetSize	
Win32_Process[19]/MinimumWorkingSetSize	
Win32_Process[19]/Name	svchost.exe
Win32_Process[19]/OSCreationClassName	Win32_OperatingSystem
Win32_Process[19]/OSName	Microsoft Windows Server 2012 R2 Datacenter|C:\Windows|\Device\Harddisk0\Partition1
Win32_Process[19]/OtherOperationCount	630
Win32_Process[19]/OtherTransferCount	9274
Win32_Process[19]/PageFaults	3104
Win32_Process[19]/PageFileUsage	4828
Win32_Process[19]/ParentProcessId	980
Win32_Process[19]/PeakPageFileUsage	5264
Win32_Process[19]/PeakVirtualSize	2199109234688
Win32_Process[19]/PeakWorkingSetSize	10904
Win32_Process[19]/Priority	8
Win32_Process[19]/PrivatePageCount	4943872
Win32_Process[19]/ProcessId	1528
Win32_Process[19]/QuotaNonPagedPoolUsage	15
Win32_Process[19]/QuotaPagedPoolUsage	150
Win32_Process[19]/QuotaPeakNonPagedPoolUsage	17
Win32_Process[19]/QuotaPeakPagedPoolUsage	151
Win32_Process[19]/ReadOperationCount	6
Win32_Process[19]/ReadTransferCount	3742
Win32_Process[19]/SessionId	0
Win32_Process[19]/Status	
Win32_Process[19]/TerminationDate	
Win32_Process[19]/ThreadCount	10
Win32_Process[19]/UserModeTime	0
Win32_Process[19]/VirtualSize	2199106572288
Win32_Process[19]/WindowsVersion	6.3.9600
Win32_Process[19]/WorkingSetSize	9605120
Win32_Process[19]/WriteOperationCount	1
Win32_Process[19]/WriteTransferCount	160
Win32_Process[20]/Caption	GuestService.exe
Win32_Process[20]/CommandLine	
Win32_Process[20]/CreationClassName	Win32_Process
Win32_Process[20]/CreationDate	20161215042326.877812-480
Win32_Process[20]/CSCreationClassName	Win32_ComputerSystem
Win32_Process[20]/CSName	MICROSO-LI27NJS
Win32_Process[20]/Description	GuestService.exe
Win32_Process[20]/ExecutablePath	
Win32_Process[20]/ExecutionState	
Win32_Process[20]/Handle	1544
Win32_Process[20]/HandleCount	391
Win32_Process[20]/InstallDate	
Win32_Process[20]/KernelModeTime	1562500
Win32_Process[20]/MaximumWorkingSetSize	
Win32_Process[20]/MinimumWorkingSetSize	
Win32_Process[20]/Name	GuestService.exe
Win32_Process[20]/OSCreationClassName	Win32_OperatingSystem
Win32_Process[20]/OSName	Microsoft Windows Server 2012 R2 Datacenter|C:\Windows|\Device\Harddisk0\Partition1
Win32_Process[20]/OtherOperationCount	949
Win32_Process[20]/OtherTransferCount	17780
Win32_Process[20]/PageFaults	12055
Win32_Process[20]/PageFileUsage	26932
Win32_Process[20]/ParentProcessId	980
Win32_Process[20]/PeakPageFileUsage	27808
Win32_Process[20]/PeakVirtualSize	589307904
Win32_Process[20]/PeakWorkingSetSize	25972
Win32_Process[20]/Priority	8
Win32_Process[20]/PrivatePageCount	27578368
Win32_Process[20]/ProcessId	1544
Win32_Process[20]/QuotaNonPagedPoolUsage	37
Win32_Process[20]/QuotaPagedPoolUsage	309
Win32_Process[20]/QuotaPeakNonPagedPoolUsage	39
Win32_Process[20]/QuotaPeakPagedPoolUsage	316
Win32_Process[20]/ReadOperationCount	53
Win32_Process[20]/ReadTransferCount	139172
Win32_Process[20]/SessionId	0
Win32_Process[20]/Status	
Win32_Process[20]/TerminationDate	
Win32_Process[20]/ThreadCount	19
Win32_Process[20]/UserModeTime	4375000
Win32_Process[20]/VirtualSize	585465856
Win32_Process[20]/WindowsVersion	6.3.9600
Win32_Process[20]/WorkingSetSize	25210880
Win32_Process[20]/WriteOperationCount	75
Win32_Process[20]/WriteTransferCount	11806
Win32_Process[21]/Caption	svchost.exe
Win32_Process[21]/CommandLine	
Win32_Process[21]/CreationClassName	Win32_Process
Win32_Process[21]/CreationDate	20161215042327.771603-480
Win32_Process[21]/CSCreationClassName	Win32_ComputerSystem
Win32_Process[21]/CSName	MICROSO-LI27NJS
Win32_Process[21]/Description	svchost.exe
Win32_Process[21]/ExecutablePath	
Win32_Process[21]/ExecutionState	
Win32_Process[21]/Handle	1716
Win32_Process[21]/HandleCount	265
Win32_Process[21]/InstallDate	
Win32_Process[21]/KernelModeTime	156250
Win32_Process[21]/MaximumWorkingSetSize	
Win32_Process[21]/MinimumWorkingSetSize	
Win32_Process[21]/Name	svchost.exe
Win32_Process[21]/OSCreationClassName	Win32_OperatingSystem
Win32_Process[21]/OSName	Microsoft Windows Server 2012 R2 Datacenter|C:\Windows|\Device\Harddisk0\Partition1
Win32_Process[21]/OtherOperationCount	3684
Win32_Process[21]/OtherTransferCount	98284
Win32_Process[21]/PageFaults	3550
Win32_Process[21]/PageFileUsage	5420
Win32_Process[21]/ParentProcessId	980
Win32_Process[21]/PeakPageFileUsage	5760
Win32_Process[21]/PeakVirtualSize	2199099195392
Win32_Process[21]/PeakWorkingSetSize	12640
Win32_Process[21]/Priority	8
Win32_Process[21]/PrivatePageCount	5550080
Win32_Process[21]/ProcessId	1716
Win32_Process[21]/QuotaNonPagedPoolUsage	61
Win32_Process[21]/QuotaPagedPoolUsage	114
Win32_Process[21]/QuotaPeakNonPagedPoolUsage	63
Win32_Process[21]/QuotaPeakPagedPoolUsage	115
Win32_Process[21]/ReadOperationCount	62
Win32_Process[21]/ReadTransferCount	152322
Win32_Process[21]/SessionId	0
Win32_Process[21]/Status	
Win32_Process[21]/TerminationDate	
Win32_Process[21]/ThreadCount	30
Win32_Process[21]/UserModeTime	156250
Win32_Process[21]/VirtualSize	2199098130432
Win32_Process[21]/WindowsVersion	6.3.9600
Win32_Process[21]/WorkingSetSize	11857920
Win32_Process[21]/WriteOperationCount	7
Win32_Process[21]/WriteTransferCount	722
Win32_Process[22]/Caption	svchost.exe
Win32_Process[22]/CommandLine	
Win32_Process[22]/CreationClassName	Win32_Process
Win32_Process[22]/CreationDate	20161215042327.820800-480
Win32_Process[22]/CSCreationClassName	Win32_ComputerSystem
Win32_Process[22]/CSName	MICROSO-LI27NJS
Win32_Process[22]/Description	svchost.exe
Win32_Process[22]/ExecutablePath	
Win32_Process[22]/ExecutionState	
Win32_Process[22]/Handle	1748
Win32_Process[22]/HandleCount	382
Win32_Process[22]/InstallDate	
Win32_Process[22]/KernelModeTime	7812500
Win32_Process[22]/MaximumWorkingSetSize	
Win32_Process[22]/MinimumWorkingSetSize	
Win32_Process[22]/Name	svchost.exe
Win32_Process[22]/OSCreationClassName	Win32_OperatingSystem
Win32_Process[22]/OSName	Microsoft Windows Server 2012 R2 Datacenter|C:\Windows|\Device\Harddisk0\Partition1
Win32_Process[22]/OtherOperationCount	75217
Win32_Process[22]/OtherTransferCount	8266732
Win32_Process[22]/PageFaults	36466
Win32_Process[22]/PageFileUsage	14656
Win32_Process[22]/ParentProcessId	980
Win32_Process[22]/PeakPageFileUsage	17312
Win32_Process[22]/PeakVirtualSize	2200227819520
Win32_Process[22]/PeakWorkingSetSize	17324
Win32_Process[22]/Priority	8
Win32_Process[22]/PrivatePageCount	15007744
Win32_Process[22]/ProcessId	1748
Win32_Process[22]/QuotaNonPagedPoolUsage	24
Win32_Process[22]/QuotaPagedPoolUsage	153
Win32_Process[22]/QuotaPeakNonPagedPoolUsage	27
Win32_Process[22]/QuotaPeakPagedPoolUsage	158
Win32_Process[22]/ReadOperationCount	472
Win32_Process[22]/ReadTransferCount	7379912
Win32_Process[22]/SessionId	0
Win32_Process[22]/Status	
Win32_Process[22]/TerminationDate	
Win32_Process[22]/ThreadCount	18
Win32_Process[22]/UserModeTime	20156250
Win32_Process[22]/VirtualSize	2199690878976
Win32_Process[22]/WindowsVersion	6.3.9600
Win32_Process[22]/WorkingSetSize	14278656
Win32_Process[22]/WriteOperationCount	597
Win32_Process[22]/WriteTransferCount	25335304
Win32_Process[23]/Caption	svchost.exe
Win32_Process[23]/CommandLine	
Win32_Process[23]/CreationClassName	Win32_Process
Win32_Process[23]/CreationDate	20161215042329.544255-480
Win32_Process[23]/CSCreationClassName	Win32_ComputerSystem
Win32_Process[23]/CSName	MICROSO-LI27NJS
Win32_Process[23]/Description	svchost.exe
Win32_Process[23]/ExecutablePath	
Win32_Process[23]/ExecutionState	
Win32_Process[23]/Handle	2448
Win32_Process[23]/HandleCount	481
Win32_Process[23]/InstallDate	
Win32_Process[23]/KernelModeTime	0
Win32_Process[23]/MaximumWorkingSetSize	
Win32_Process[23]/MinimumWorkingSetSize	
Win32_Process[23]/Name	svchost.exe
Win32_Process[23]/OSCreationClassName	Win32_OperatingSystem
Win32_Process[23]/OSName	Microsoft Windows Server 2012 R2 Datacenter|C:\Windows|\Device\Harddisk0\Partition1
Win32_Process[23]/OtherOperationCount	325
Win32_Process[23]/OtherTransferCount	5844
Win32_Process[23]/PageFaults	2724
Win32_Process[23]/PageFileUsage	5044
Win32_Process[23]/ParentProcessId	980
Win32_Process[23]/PeakPageFileUsage	5276
Win32_Process[23]/PeakVirtualSize	2199117451264
Win32_Process[23]/PeakWorkingSetSize	9428
Win32_Process[23]/Priority	8
Win32_Process[23]/PrivatePageCount	5165056
Win32_Process[23]/ProcessId	2448
Win32_Process[23]/QuotaNonPagedPoolUsage	25
Win32_Process[23]/QuotaPagedPoolUsage	168
Win32_Process[23]/QuotaPeakNonPagedPoolUsage	26
Win32_Process[23]/QuotaPeakPagedPoolUsage	171
Win32_Process[23]/ReadOperationCount	2
Win32_Process[23]/ReadTransferCount	17
Win32_Process[23]/SessionId	0
Win32_Process[23]/Status	
Win32_Process[23]/TerminationDate	
Win32_Process[23]/ThreadCount	42
Win32_Process[23]/UserModeTime	312500
Win32_Process[23]/VirtualSize	2199116386304
Win32_Process[23]/WindowsVersion	6.3.9600
Win32_Process[23]/WorkingSetSize	8458240
Win32_Process[23]/WriteOperationCount	1
Win32_Process[23]/WriteTransferCount	16
Win32_Process[24]/Caption	svchost.exe
Win32_Process[24]/CommandLine	
Win32_Process[24]/CreationClassName	Win32_Process
Win32_Process[24]/CreationDate	20161215042330.138111-480
Win32_Process[24]/CSCreationClassName	Win32_ComputerSystem
Win32_Process[24]/CSName	MICROSO-LI27NJS
Win32_Process[24]/Description	svchost.exe
Win32_Process[24]/ExecutablePath	
Win32_Process[24]/ExecutionState	
Win32_Process[24]/Handle	2572
Win32_Process[24]/HandleCount	263
Win32_Process[24]/InstallDate	
Win32_Process[24]/KernelModeTime	156250
Win32_Process[24]/MaximumWorkingSetSize	
Win32_Process[24]/MinimumWorkingSetSize	
Win32_Process[24]/Name	svchost.exe
Win32_Process[24]/OSCreationClassName	Win32_OperatingSystem
Win32_Process[24]/OSName	Microsoft Windows Server 2012 R2 Datacenter|C:\Windows|\Device\Harddisk0\Partition1
Win32_Process[24]/OtherOperationCount	224
Win32_Process[24]/OtherTransferCount	2450
Win32_Process[24]/PageFaults	2218
Win32_Process[24]/PageFileUsage	2916
Win32_Process[24]/ParentProcessId	980
Win32_Process[24]/PeakPageFileUsage	3036
Win32_Process[24]/PeakVirtualSize	2199073964032
Win32_Process[24]/PeakWorkingSetSize	7732
Win32_Process[24]/Priority	8
Win32_Process[24]/PrivatePageCount	2985984
Win32_Process[24]/ProcessId	2572
Win32_Process[24]/QuotaNonPagedPoolUsage	16
Win32_Process[24]/QuotaPagedPoolUsage	101
Win32_Process[24]/QuotaPeakNonPagedPoolUsage	19
Win32_Process[24]/QuotaPeakPagedPoolUsage	101
Win32_Process[24]/ReadOperationCount	278
Win32_Process[24]/ReadTransferCount	9596
Win32_Process[24]/SessionId	0
Win32_Process[24]/Status	
Win32_Process[24]/TerminationDate	
Win32_Process[24]/ThreadCount	16
Win32_Process[24]/UserModeTime	156250
Win32_Process[24]/VirtualSize	2199072899072
Win32_Process[24]/WindowsVersion	6.3.9600
Win32_Process[24]/WorkingSetSize	6844416
Win32_Process[24]/WriteOperationCount	246
Win32_Process[24]/WriteTransferCount	8944
Win32_Process[25]/Caption	svchost.exe
Win32_Process[25]/CommandLine	
Win32_Process[25]/CreationClassName	Win32_Process
Win32_Process[25]/CreationDate	20161215042330.420162-480
Win32_Process[25]/CSCreationClassName	Win32_ComputerSystem
Win32_Process[25]/CSName	MICROSO-LI27NJS
Win32_Process[25]/Description	svchost.exe
Win32_Process[25]/ExecutablePath	
Win32_Process[25]/ExecutionState	
Win32_Process[25]/Handle	2648
Win32_Process[25]/HandleCount	111
Win32_Process[25]/InstallDate	
Win32_Process[25]/KernelModeTime	468750
Win32_Process[25]/MaximumWorkingSetSize	
Win32_Process[25]/MinimumWorkingSetSize	
Win32_Process[25]/Name	svchost.exe
Win32_Process[25]/OSCreationClassName	Win32_OperatingSystem
Win32_Process[25]/OSName	Microsoft Windows Server 2012 R2 Datacenter|C:\Windows|\Device\Harddisk0\Partition1
Win32_Process[25]/OtherOperationCount	1265
Win32_Process[25]/OtherTransferCount	69910
Win32_Process[25]/PageFaults	1527
Win32_Process[25]/PageFileUsage	1216
Win32_Process[25]/ParentProcessId	980
Win32_Process[25]/PeakPageFileUsage	1400
Win32_Process[25]/PeakVirtualSize	2199047045120
Win32_Process[25]/PeakWorkingSetSize	4712
Win32_Process[25]/Priority	8
Win32_Process[25]/PrivatePageCount	1245184
Win32_Process[25]/ProcessId	2648
Win32_Process[25]/QuotaNonPagedPoolUsage	11
Win32_Process[25]/QuotaPagedPoolUsage	47
Win32_Process[25]/QuotaPeakNonPagedPoolUsage	13
Win32_Process[25]/QuotaPeakPagedPoolUsage	47
Win32_Process[25]/ReadOperationCount	0
Win32_Process[25]/ReadTransferCount	0
Win32_Process[25]/SessionId	0
Win32_Process[25]/Status	
Win32_Process[25]/TerminationDate	
Win32_Process[25]/ThreadCount	3
Win32_Process[25]/UserModeTime	0
Win32_Process[25]/VirtualSize	2199045963776
Win32_Process[25]/WindowsVersion	6.3.9600
Win32_Process[25]/WorkingSetSize	3833856
Win32_Process[25]/WriteOperationCount	0
Win32_Process[25]/WriteTransferCount	0
Win32_Process[26]/Caption	VSSVC.exe
Win32_Process[26]/CommandLine	
Win32_Process[26]/CreationClassName	Win32_Process
Win32_Process[26]/CreationDate	20161215042330.420861-480
Win32_Process[26]/CSCreationClassName	Win32_ComputerSystem
Win32_Process[26]/CSName	MICROSO-LI27NJS
Win32_Process[26]/Description	VSSVC.exe
Win32_Process[26]/ExecutablePath	
Win32_Process[26]/ExecutionState	
Win32_Process[26]/Handle	2740
Win32_Process[26]/HandleCount	130
Win32_Process[26]/InstallDate	
Win32_Process[26]/KernelModeTime	0
Win32_Process[26]/MaximumWorkingSetSize	
Win32_Process[26]/MinimumWorkingSetSize	
Win32_Process[26]/Name	VSSVC.exe
Win32_Process[26]/OSCreationClassName	Win32_OperatingSystem
Win32_Process[26]/OSName	Microsoft Windows Server 2012 R2 Datacenter|C:\Windows|\Device\Harddisk0\Partition1
Win32_Process[26]/OtherOperationCount	148
Win32_Process[26]/OtherTransferCount	1142
Win32_Process[26]/PageFaults	1653
Win32_Process[26]/PageFileUsage	1616
Win32_Process[26]/ParentProcessId	980
Win32_Process[26]/PeakPageFileUsage	1924
Win32_Process[26]/PeakVirtualSize	2199062966272
Win32_Process[26]/PeakWorkingSetSize	6040
Win32_Process[26]/Priority	8
Win32_Process[26]/PrivatePageCount	1654784
Win32_Process[26]/ProcessId	2740
Win32_Process[26]/QuotaNonPagedPoolUsage	10
Win32_Process[26]/QuotaPagedPoolUsage	70
Win32_Process[26]/QuotaPeakNonPagedPoolUsage	11
Win32_Process[26]/QuotaPeakPagedPoolUsage	71
Win32_Process[26]/ReadOperationCount	0
Win32_Process[26]/ReadTransferCount	0
Win32_Process[26]/SessionId	0
Win32_Process[26]/Status	
Win32_Process[26]/TerminationDate	
Win32_Process[26]/ThreadCount	4
Win32_Process[26]/UserModeTime	312500
Win32_Process[26]/VirtualSize	2199061901312
Win32_Process[26]/WindowsVersion	6.3.9600
Win32_Process[26]/WorkingSetSize	5292032
Win32_Process[26]/WriteOperationCount	0
Win32_Process[26]/WriteTransferCount	0
Win32_Process[27]/Caption	msdtc.exe
Win32_Process[27]/CommandLine	
Win32_Process[27]/CreationClassName	Win32_Process
Win32_Process[27]/CreationDate	20161220055412.593508-480
Win32_Process[27]/CSCreationClassName	Win32_ComputerSystem
Win32_Process[27]/CSName	MICROSO-LI27NJS
Win32_Process[27]/Description	msdtc.exe
Win32_Process[27]/ExecutablePath	
Win32_Process[27]/ExecutionState	
Win32_Process[27]/Handle	3448
Win32_Process[27]/HandleCount	165
Win32_Process[27]/InstallDate	
Win32_Process[27]/KernelModeTime	0
Win32_Process[27]/MaximumWorkingSetSize	
Win32_Process[27]/MinimumWorkingSetSize	
Win32_Process[27]/Name	msdtc.exe
Win32_Process[27]/OSCreationClassName	Win32_OperatingSystem
Win32_Process[27]/OSName	Microsoft Windows Server 2012 R2 Datacenter|C:\Windows|\Device\Harddisk0\Partition1
Win32_Process[27]/OtherOperationCount	164
Win32_Process[27]/OtherTransferCount	1378
Win32_Process[27]/PageFaults	2116
Win32_Process[27]/PageFileUsage	2156
Win32_Process[27]/ParentProcessId	980
Win32_Process[27]/PeakPageFileUsage	2600
Win32_Process[27]/PeakVirtualSize	2199067889664
Win32_Process[27]/PeakWorkingSetSize	7228
Win32_Process[27]/Priority	8
Win32_Process[27]/PrivatePageCount	2207744
Win32_Process[27]/ProcessId	3448
Win32_Process[27]/QuotaNonPagedPoolUsage	12
Win32_Process[27]/QuotaPagedPoolUsage	76
Win32_Process[27]/QuotaPeakNonPagedPoolUsage	13
Win32_Process[27]/QuotaPeakPagedPoolUsage	76
Win32_Process[27]/ReadOperationCount	0
Win32_Process[27]/ReadTransferCount	0
Win32_Process[27]/SessionId	0
Win32_Process[27]/Status	
Win32_Process[27]/TerminationDate	
Win32_Process[27]/ThreadCount	9
Win32_Process[27]/UserModeTime	0
Win32_Process[27]/VirtualSize	2199066816512
Win32_Process[27]/WindowsVersion	6.3.9600
Win32_Process[27]/WorkingSetSize	5943296
Win32_Process[27]/WriteOperationCount	1
Win32_Process[27]/WriteTransferCount	16384
Win32_Process[28]/Caption	WmiPrvSE.exe
Win32_Process[28]/CommandLine	
Win32_Process[28]/CreationClassName	Win32_Process
Win32_Process[28]/CreationDate	20161220055610.812231-480
Win32_Process[28]/CSCreationClassName	Win32_ComputerSystem
Win32_Process[28]/CSName	MICROSO-LI27NJS
Win32_Process[28]/Description	WmiPrvSE.exe
Win32_Process[28]/ExecutablePath	
Win32_Process[28]/ExecutionState	
Win32_Process[28]/Handle	3492
Win32_Process[28]/HandleCount	124
Win32_Process[28]/InstallDate	
Win32_Process[28]/KernelModeTime	781250
Win32_Process[28]/MaximumWorkingSetSize	
Win32_Process[28]/MinimumWorkingSetSize	
Win32_Process[28]/Name	WmiPrvSE.exe
Win32_Process[28]/OSCreationClassName	Win32_OperatingSystem
Win32_Process[28]/OSName	Microsoft Windows Server 2012 R2 Datacenter|C:\Windows|\Device\Harddisk0\Partition1
Win32_Process[28]/OtherOperationCount	289
Win32_Process[28]/OtherTransferCount	19174
Win32_Process[28]/PageFaults	1845
Win32_Process[28]/PageFileUsage	2060
Win32_Process[28]/ParentProcessId	644
Win32_Process[28]/PeakPageFileUsage	2920
Win32_Process[28]/PeakVirtualSize	2199057784832
Win32_Process[28]/PeakWorkingSetSize	5764
Win32_Process[28]/Priority	8
Win32_Process[28]/PrivatePageCount	2109440
Win32_Process[28]/ProcessId	3492
Win32_Process[28]/QuotaNonPagedPoolUsage	9
Win32_Process[28]/QuotaPagedPoolUsage	60
Win32_Process[28]/QuotaPeakNonPagedPoolUsage	10
Win32_Process[28]/QuotaPeakPagedPoolUsage	62
Win32_Process[28]/ReadOperationCount	0
Win32_Process[28]/ReadTransferCount	0
Win32_Process[28]/SessionId	0
Win32_Process[28]/Status	
Win32_Process[28]/TerminationDate	
Win32_Process[28]/ThreadCount	5
Win32_Process[28]/UserModeTime	1562500
Win32_Process[28]/VirtualSize	2199056064512
Win32_Process[28]/WindowsVersion	6.3.9600
Win32_Process[28]/WorkingSetSize	5169152
Win32_Process[28]/WriteOperationCount	0
Win32_Process[28]/WriteTransferCount	0
Win32_Process[29]/Caption	cmd.exe
Win32_Process[29]/CommandLine	C:\Windows\system32\cmd.exe /c D:\data\yarnnm\local\usercache\86f9313e-6723-4bce-bb75-fc1ee83ec96e\appcache\application_1481793190043_66953\container_e91_1481793190043_66953_01_000002\wd\kona_vmcontainer_exec.cmd 
Win32_Process[29]/CreationClassName	Win32_Process
Win32_Process[29]/CreationDate	20161220060009.794827-480
Win32_Process[29]/CSCreationClassName	Win32_ComputerSystem
Win32_Process[29]/CSName	MICROSO-LI27NJS
Win32_Process[29]/Description	cmd.exe
Win32_Process[29]/ExecutablePath	C:\Windows\system32\cmd.exe
Win32_Process[29]/ExecutionState	
Win32_Process[29]/Handle	2424
Win32_Process[29]/HandleCount	40
Win32_Process[29]/InstallDate	
Win32_Process[29]/KernelModeTime	156250
Win32_Process[29]/MaximumWorkingSetSize	6291456
Win32_Process[29]/MinimumWorkingSetSize	1024
Win32_Process[29]/Name	cmd.exe
Win32_Process[29]/OSCreationClassName	Win32_OperatingSystem
Win32_Process[29]/OSName	Microsoft Windows Server 2012 R2 Datacenter|C:\Windows|\Device\Harddisk0\Partition1
Win32_Process[29]/OtherOperationCount	997
Win32_Process[29]/OtherTransferCount	16970
Win32_Process[29]/PageFaults	983
Win32_Process[29]/PageFileUsage	1776
Win32_Process[29]/ParentProcessId	1544
Win32_Process[29]/PeakPageFileUsage	2188
Win32_Process[29]/PeakVirtualSize	2199043727360
Win32_Process[29]/PeakWorkingSetSize	2828
Win32_Process[29]/Priority	8
Win32_Process[29]/PrivatePageCount	1818624
Win32_Process[29]/ProcessId	2424
Win32_Process[29]/QuotaNonPagedPoolUsage	4
Win32_Process[29]/QuotaPagedPoolUsage	38
Win32_Process[29]/QuotaPeakNonPagedPoolUsage	5
Win32_Process[29]/QuotaPeakPagedPoolUsage	46
Win32_Process[29]/ReadOperationCount	76
Win32_Process[29]/ReadTransferCount	159436
Win32_Process[29]/SessionId	0
Win32_Process[29]/Status	
Win32_Process[29]/TerminationDate	
Win32_Process[29]/ThreadCount	1
Win32_Process[29]/UserModeTime	0
Win32_Process[29]/VirtualSize	2199039647744
Win32_Process[29]/WindowsVersion	6.3.9600
Win32_Process[29]/WorkingSetSize	2830336
Win32_Process[29]/WriteOperationCount	0
Win32_Process[29]/WriteTransferCount	0
Win32_Process[30]/Caption	conhost.exe
Win32_Process[30]/CommandLine	\??\C:\Windows\system32\conhost.exe 0x4
Win32_Process[30]/CreationClassName	Win32_Process
Win32_Process[30]/CreationDate	20161220060009.794827-480
Win32_Process[30]/CSCreationClassName	Win32_ComputerSystem
Win32_Process[30]/CSName	MICROSO-LI27NJS
Win32_Process[30]/Description	conhost.exe
Win32_Process[30]/ExecutablePath	C:\Windows\system32\conhost.exe
Win32_Process[30]/ExecutionState	
Win32_Process[30]/Handle	2560
Win32_Process[30]/HandleCount	51
Win32_Process[30]/InstallDate	
Win32_Process[30]/KernelModeTime	0
Win32_Process[30]/MaximumWorkingSetSize	1380
Win32_Process[30]/MinimumWorkingSetSize	200
Win32_Process[30]/Name	conhost.exe
Win32_Process[30]/OSCreationClassName	Win32_OperatingSystem
Win32_Process[30]/OSName	Microsoft Windows Server 2012 R2 Datacenter|C:\Windows|\Device\Harddisk0\Partition1
Win32_Process[30]/OtherOperationCount	384
Win32_Process[30]/OtherTransferCount	19224
Win32_Process[30]/PageFaults	782
Win32_Process[30]/PageFileUsage	700
Win32_Process[30]/ParentProcessId	2424
Win32_Process[30]/PeakPageFileUsage	700
Win32_Process[30]/PeakVirtualSize	2199049420800
Win32_Process[30]/PeakWorkingSetSize	2872
Win32_Process[30]/Priority	8
Win32_Process[30]/PrivatePageCount	716800
Win32_Process[30]/ProcessId	2560
Win32_Process[30]/QuotaNonPagedPoolUsage	5
Win32_Process[30]/QuotaPagedPoolUsage	53
Win32_Process[30]/QuotaPeakNonPagedPoolUsage	5
Win32_Process[30]/QuotaPeakPagedPoolUsage	53
Win32_Process[30]/ReadOperationCount	0
Win32_Process[30]/ReadTransferCount	0
Win32_Process[30]/SessionId	0
Win32_Process[30]/Status	
Win32_Process[30]/TerminationDate	
Win32_Process[30]/ThreadCount	1
Win32_Process[30]/UserModeTime	0
Win32_Process[30]/VirtualSize	2199048908800
Win32_Process[30]/WindowsVersion	6.3.9600
Win32_Process[30]/WorkingSetSize	2940928
Win32_Process[30]/WriteOperationCount	0
Win32_Process[30]/WriteTransferCount	0
Win32_Process[31]/Caption	scopehost.exe
Win32_Process[31]/CommandLine	scopehost.exe   --vertex --daemon {234760FF-A680-4E73-8BD9-1A483CD7ABE8} --startfrompn 1 7 0
Win32_Process[31]/CreationClassName	Win32_Process
Win32_Process[31]/CreationDate	20161220060009.830714-480
Win32_Process[31]/CSCreationClassName	Win32_ComputerSystem
Win32_Process[31]/CSName	MICROSO-LI27NJS
Win32_Process[31]/Description	scopehost.exe
Win32_Process[31]/ExecutablePath	D:\data\yarnnm\local\usercache\86f9313e-6723-4bce-bb75-fc1ee83ec96e\appcache\application_1481793190043_66953\container_e91_1481793190043_66953_01_000002\wd\scopehost.exe
Win32_Process[31]/ExecutionState	
Win32_Process[31]/Handle	2524
Win32_Process[31]/HandleCount	530
Win32_Process[31]/InstallDate	
Win32_Process[31]/KernelModeTime	781250
Win32_Process[31]/MaximumWorkingSetSize	6291456
Win32_Process[31]/MinimumWorkingSetSize	1024
Win32_Process[31]/Name	scopehost.exe
Win32_Process[31]/OSCreationClassName	Win32_OperatingSystem
Win32_Process[31]/OSName	Microsoft Windows Server 2012 R2 Datacenter|C:\Windows|\Device\Harddisk0\Partition1
Win32_Process[31]/OtherOperationCount	1466
Win32_Process[31]/OtherTransferCount	15308
Win32_Process[31]/PageFaults	15093
Win32_Process[31]/PageFileUsage	214944
Win32_Process[31]/ParentProcessId	2424
Win32_Process[31]/PeakPageFileUsage	214952
Win32_Process[31]/PeakVirtualSize	997318656
Win32_Process[31]/PeakWorkingSetSize	44944
Win32_Process[31]/Priority	8
Win32_Process[31]/PrivatePageCount	220102656
Win32_Process[31]/ProcessId	2524
Win32_Process[31]/QuotaNonPagedPoolUsage	124
Win32_Process[31]/QuotaPagedPoolUsage	314
Win32_Process[31]/QuotaPeakNonPagedPoolUsage	125
Win32_Process[31]/QuotaPeakPagedPoolUsage	314
Win32_Process[31]/ReadOperationCount	96
Win32_Process[31]/ReadTransferCount	826568
Win32_Process[31]/SessionId	0
Win32_Process[31]/Status	
Win32_Process[31]/TerminationDate	
Win32_Process[31]/ThreadCount	164
Win32_Process[31]/UserModeTime	5000000
Win32_Process[31]/VirtualSize	997306368
Win32_Process[31]/WindowsVersion	6.3.9600
Win32_Process[31]/WorkingSetSize	46022656
Win32_Process[31]/WriteOperationCount	31
Win32_Process[31]/WriteTransferCount	102520
Win32_Process[32]/Caption	WmiPrvSE.exe
Win32_Process[32]/CommandLine	
Win32_Process[32]/CreationClassName	Win32_Process
Win32_Process[32]/CreationDate	20161220060010.569917-480
Win32_Process[32]/CSCreationClassName	Win32_ComputerSystem
Win32_Process[32]/CSName	MICROSO-LI27NJS
Win32_Process[32]/Description	WmiPrvSE.exe
Win32_Process[32]/ExecutablePath	
Win32_Process[32]/ExecutionState	
Win32_Process[32]/Handle	684
Win32_Process[32]/HandleCount	227
Win32_Process[32]/InstallDate	
Win32_Process[32]/KernelModeTime	625000
Win32_Process[32]/MaximumWorkingSetSize	
Win32_Process[32]/MinimumWorkingSetSize	
Win32_Process[32]/Name	WmiPrvSE.exe
Win32_Process[32]/OSCreationClassName	Win32_OperatingSystem
Win32_Process[32]/OSName	Microsoft Windows Server 2012 R2 Datacenter|C:\Windows|\Device\Harddisk0\Partition1
Win32_Process[32]/OtherOperationCount	2396
Win32_Process[32]/OtherTransferCount	36956
Win32_Process[32]/PageFaults	9185
Win32_Process[32]/PageFileUsage	3648
Win32_Process[32]/ParentProcessId	644
Win32_Process[32]/PeakPageFileUsage	4152
Win32_Process[32]/PeakVirtualSize	2199066988544
Win32_Process[32]/PeakWorkingSetSize	8908
Win32_Process[32]/Priority	8
Win32_Process[32]/PrivatePageCount	3735552
Win32_Process[32]/ProcessId	684
Win32_Process[32]/QuotaNonPagedPoolUsage	12
Win32_Process[32]/QuotaPagedPoolUsage	69
Win32_Process[32]/QuotaPeakNonPagedPoolUsage	14
Win32_Process[32]/QuotaPeakPagedPoolUsage	76
Win32_Process[32]/ReadOperationCount	7
Win32_Process[32]/ReadTransferCount	153942
Win32_Process[32]/SessionId	0
Win32_Process[32]/Status	
Win32_Process[32]/TerminationDate	
Win32_Process[32]/ThreadCount	7
Win32_Process[32]/UserModeTime	156250
Win32_Process[32]/VirtualSize	2199065563136
Win32_Process[32]/WindowsVersion	6.3.9600
Win32_Process[32]/WorkingSetSize	8302592
Win32_Process[32]/WriteOperationCount	6
Win32_Process[32]/WriteTransferCount	572
